domain,target_community
wzzaradio.com,Black
greenecodemocrat.com,Black
birminghamtimes.com,Black
myv949.com,Black
103weup.com,Black
speakinoutweeklynews.net,Black
soldemedianochenews.org,Hispanic
azinformant.com,Black
prensaarizona.com,Hispanic
telemundoarizona.com,Hispanic
telemundo40.com,Hispanic
univision.com,Hispanic
yumasun.com,Hispanic
force3radio.com,Black
latinotvar.com,Hispanic
laprensalibrear.com,Hispanic
alamedapost.com,Black
visionhispanausa.com,Hispanic
eltimpano.org,Hispanic
indiawest.com,Asian
elpopular.pe,Hispanic
laopinion.com,Hispanic
lasentinel.net,Black
news4usonline.com,Black
ourweekly.com,Black
sgvtribune.com,Black
lafocusnews.com,Black
lawattstimes.com,Black
afrolanews.org,Black
elaviso.com,Hispanic
pacenewsonline.com,Black
telemundo52.com,Hispanic
hiplatina.com,Hispanic
lataco.com,Hispanic
laprensadelosangeles.com,Hispanic
wearemitu.com,Hispanic
excelsior.com.mx,Hispanic
asianjournal.com,Asian
balita.com,Asian
lanuevavoz.net,Hispanic
sanfernandosun.com,Hispanic
kjlhradio.com,Black
rafu.com,Asian
comptonherald.org,Black
pocho.com,Hispanic
etianguis.com,Hispanic
cronicasnews.com,Hispanic
nguoi-viet.com,Asian
miniondas.com,Hispanic
blackvoicenews.com,Black
laprensacolombiana.com,Hispanic
telemundo33.com,Hispanic
sacobserver.com,Black
hmongdailynews.com,Asian
precinctreporter.com,Black
sb-american.com,Black
hot1039.com,Black
sandiegoyuyu.com,Asian
ellatinoonline.com,Hispanic
ksdy50.com,Black
telemundo20.com,Hispanic
laprensa.org,Hispanic
sdvoice.info,Black
thesunreporter.com,Black
sfbayview.com,Black
windnewspaper.com,Asian
kpoo.com,Black
latinotimes.org,Hispanic
pnewstoday.com,Asian
latinocc.com,Hispanic
telemundoareadelabahia.com,Hispanic
nikkeiwest.com,Asian
el-observador.com,Hispanic
laoferta.com,Hispanic
alianzanews.com,Hispanic
indiacurrents.com,Asian
kbbf.org,Hispanic
tricountysentry.com,Black
elsemanario.us,Hispanic
telemundodenver.com,Hispanic
laprensadecolorado.com,Hispanic
denverurbanspectrum.com,Black
asianavemag.com,Asian
identidadlatina.com,Hispanic
ctlatinonews.com,Hispanic
lavozhispanact.com,Hispanic
theinnercitynews.com,Black
elsolnews.com,Hispanic
theyappie.com,Asian
eltiempohispano.com,Hispanic
hoyendelaware.com,Hispanic
delhispano.com,Hispanic
washingtoninformer.com,Black
elcomercio.com,Hispanic
eltiempolatino.com,Hispanic
whut.org,Black
telemundowashingtondc.com,Hispanic
noticiasdmv.com,Hispanic
lafamiliadebroward.com,Hispanic
telemundo51.com,Hispanic
floridasunreview.com,Black
sfltimes.com,Black
thewestsidegazette.com,Black
jacksonvillefreepress.com,Black
thefloridastar.com,Black
latinomediainc.com,Hispanic
flcourier.com,Black
flsentinel.com,Black
telemundo49.com,Hispanic
prensamexicana.com,Hispanic
lagacetanewspaper.com,Hispanic
977latino.com,Hispanic
hispanopost.com,Hispanic
diariolasamericas.com,Hispanic
doralfamilyjournal.com,Hispanic
elsolnewsmedia.com,Hispanic
elvenezolanonews.com,Hispanic
elnuevoherald.com,Hispanic
miamidiario.com,Hispanic
politicalcortadito.com,Hispanic
wmbm.com,Black
semanarioargentino.miami,Hispanic
miamitimesonline.com,Black
hylonewsmiami.com,Black
theorlandotimesnewspaper.com,Black
orlandoadvocate.com,Black
telemundo31.com,Hispanic
elsoldelaflorida.com,Hispanic
theweeklychallenger.com,Black
laprensa.hn,Hispanic
daytonatimes.com,Black
macon.com,Black
savannahtribune.com,Black
thechampionnewspaper.com,Black
theatlantavoice.com,Black
atlinq.com,Black
atlantaleader.com,Black
cnn.com,Hispanic
capitalbnews.org,Black
atlantatribune.com,Black
telemundoatlanta.com,Hispanic
elnuevogeorgia.com,Hispanic
notivisiongeorgia.com,Hispanic
columbustimes.com,Black
metrocourieraugusta.com,Black
kawaiola.news,Asian
koreatimes.com,Asian
filamcourier.com,Asian
telemundoboise.com,Hispanic
kbwe.org,Hispanic
991laperrona.com,Hispanic
lanuevasemana.com,Hispanic
chicagocrusader.com,Black
chicagodefender.com,Black
finalcall.com,Black
muslimjournal.net,Black
chicagoshimpo.com,Asian
reflejos.com,Hispanic
wvon.com,Black
telemundochicago.com,Hispanic
eldianews.net,Hispanic
lawndalenews.com,Hispanic
impremedia.com,Hispanic
ndigo.com,Black
citizennewspapergroup.com,Black
lavozdelpaseoboricua.org,Hispanic
cnwmedia.com,Black
thetriibe.com,Black
chicagokoreatimes.com,Asian
holaamericanews.com,Hispanic
elmexicanonews.com,Hispanic
coronaspanishmedia.com,Hispanic
webelpuente.com,Hispanic
indianapolisrecorder.com,Black
heraldtimesonline.com,Black
quepasamidwest.com,Hispanic
wevv.com,Black
ourtimesnewspaper.com,Black
laprensaiowa.com,Hispanic
truequemagazine.com,Hispanic
blackiowanews.com,Black
communityvoiceks.com,Black
planetavenus.online,Hispanic
dosmundos.com,Hispanic
radiolex.us,Hispanic
elkentubano.com,Hispanic
laesquinaky.com,Hispanic
aldiaenamerica.com,Hispanic
theshreveportsun.com,Black
jambalayanews.com,Hispanic
telemundoneworleans.com,Hispanic
kadn.com,Black
louisianaweekly.com,Black
ladatanews.com,Black
theneworleanstribune.com,Black
monroefreepress.com,Black
amjamboafrica.com,Black
latinopinionbaltimore.com,Hispanic
prensalibre.com,Hispanic
washingtonhispanic.com,Hispanic
radioamerica.net,Hispanic
theintersectionmag.com,Black
telemundodelmarva.com,Hispanic
afro.com,Black
baltimoretimes-online.com,Black
baltimorebeat.com,Black
bmorenews.com,Black
noticiaslavoz.com,Hispanic
masslive.com,Hispanic
telemundonuevainglaterra.com,Hispanic
sapannews.com,Asian
elmundoboston.com,Hispanic
sampan.org,Asian
elplaneta.com,Hispanic
baystatebanner.com,Black
elvocero.net,Hispanic
lazocultural.com,Hispanic
elinformadorusa.com,Hispanic
grtimes.com,Black
latinosenmichigantv.com,Hispanic
laprensanewspaper.com,Hispanic
latinodetroit.com,Hispanic
fm881whpr.com,Black
telegramnews.net,Black
michiganchronicle.com,Black
elcentralmedia.com,Hispanic
spokesman-recorder.com,Black
mntv.hn,Hispanic
telemundominnesota.com,Hispanic
univisionminnesota.com,Hispanic
elminnesotadehoy.com,Hispanic
laprensademn.com,Hispanic
lamatracanews.com,Hispanic
wjzd.com,Black
jacksonadvocateonline.com,Black
themississippilink.com,Black
104wgnl.com,Black
lanoticianewspaper.com,Hispanic
telocuentonews.com,Hispanic
telemundokc.com,Hispanic
univisionkansascity.com,Hispanic
kccallnews.net,Black
thekansascityglobe.com,Black
kansascitydefender.com,Black
kchispanicnews.com,Hispanic
redlatinastl.com,Hispanic
diariodigitalstl.com,Hispanic
stlamerican.com,Black
957fmtheboss.com,Black
telemundonebraska.com,Hispanic
theomahastar.com,Black
elmundo.net,Hispanic
lavozdenevada.com,Hispanic
telemundolasvegas.com,Hispanic
frontrunnernewjersey.com,Black
atlanticcityfocus.com,Black
telemundo47.com,Hispanic
njurbannews.com,Black
poderlatinousa.com,Hispanic
elespecialitomk.com,Hispanic
americanonewspaper.com,Hispanic
telemundonuevomexico.com,Hispanic
bard.edu,Hispanic
eldiariony.com,Hispanic
hitn.tv,Hispanic
ourtimepress.com,Black
viceversa-mag.com,Hispanic
latribunahispana.com,Hispanic
latintrends.com,Hispanic
manhattantimesnews.com,Hispanic
newsindiatimes.com,Asian
amsterdamnews.com,Black
newyorkbeacon.com,Black
nycaribnews.com,Black
thebronxfreepress.com,Hispanic
remezcla.com,Hispanic
impactolatino.com,Hispanic
chinadaily.com.cn,Asian
blackstarnews.com,Black
cnylatinonewspaper.com,Hispanic
ecuadornews.com.ec,Hispanic
nepyork.com,Asian
queenslatino.com,Hispanic
khasokhas.com,Asian
hispanonewjersey.com,Hispanic
westchestercountypress.com,Black
westchesterhispano.net,Hispanic
burlingtonlatino.com,Hispanic
holacarolina.org,Hispanic
wccg1045fm.com,Black
triangletribune.com,Black
wschronicle.com,Black
peacemakeronline.com,Black
greensborolatino.com,Hispanic
countynews4you.com,Black
thecharlottepost.com,Black
lanoticia.com,Hispanic
migenteweb.com,Hispanic
mundolatinomedia.com,Hispanic
progresohispanonews.com,Hispanic
latinatumusica.com,Hispanic
estrellatv.com,Hispanic
qcitymetro.com,Black
holanews.com,Hispanic
wnewsj.com,Black
greaterdiversity.com,Black
enlacelatinonc.org,Hispanic
laconexionusa.com,Hispanic
caro.news,Black
vocerolatino.com,Hispanic
blackgirlincle.com,Black
thecincinnatiherald.com,Black
thetruthtoledo.com,Black
buckeyereview.org,Black
lavanguardia.com,Hispanic
nuestracomunidad.org,Hispanic
blackchronicle.com,Black
ellatinoamerican.com,Hispanic
elnacionaldeoklahoma.com,Hispanic
theokeagle.com,Black
lasemanadelsur.com,Hispanic
lasamericas1380am.com,Hispanic
theblackwallsttimes.com,Black
latinmedianw.com,Hispanic
kunptv.com,Hispanic
theskanner.com,Black
portlandobserver.com,Black
newpittsburghcourier.com,Black
telemundo62.com,Hispanic
2puntosplatform.com,Hispanic
philasun.com,Black
scoopnewsusa.com,Black
phillytrib.com,Black
impactomedia.com,Hispanic
acontecerlatino.com,Hispanic
lprnews.org,Hispanic
noticiasrhodeisland.com,Hispanic
laislamagazine.com,Hispanic
informador.mx,Hispanic
universallatinnews.com,Hispanic
nuestroestado.com,Hispanic
communitytimessc.com,Black
carolinapanorama.com,Black
carthagecourier.com,Black
pridepublishinggroup.com,Black
tntribune.com,Black
nashvillenoticias.com,Hispanic
wdkn.com,Black
wojg.com,Black
laprensalatina.com,Hispanic
memphisnoticias.com,Hispanic
tri-statedefender.com,Black
lacampana.us,Hispanic
azteca21.com,Hispanic
kens5.com,Hispanic
telemundosanantonio.com,Hispanic
saobserver.com,Black
northdallasgazette.com,Black
novedadesnews.com,Hispanic
texasmetronews.com,Black
dallasexaminer.com,Black
elliderusa.com,Hispanic
garlandjournal.com,Black
myimessenger.com,Black
dallasposttrib.com,Black
dallasweekly.com,Black
borderzine.com,Hispanic
ktsm.com,Hispanic
telemundo48elpaso.com,Hispanic
easttexasreview.com,Black
elvenezolanohouston.com,Hispanic
defendernetwork.com,Black
forwardtimes.com,Black
stylemagazine.com,Black
prensadehouston.com,Hispanic
indoamerican-news.com,Asian
queondamagazine.com,Hispanic
aframnews.com,Black
telemundohouston.com,Hispanic
entravision.com,Hispanic
latinolubbock.net,Hispanic
telemundolubbock.com,Hispanic
telemundocc.com,Hispanic
eltejanomagazine.com,Hispanic
telemundodallas.com,Hispanic
telemundoaustin.com,Hispanic
theaustinvillager.com,Black
soulciti.com,Black
elmundonewspaper.com,Hispanic
kazifm.org,Black
laredodaily.news,Hispanic
lmtonline.com,Hispanic
telemundoutah.com,Hispanic
legacynewspaper.com,Black
vinegarhillmagazine.com,Black
thenewjournalandguide.com,Black
richmondfreepress.com,Black
theroanoketribune.org,Black
tudecidesmedia.com,Hispanic
elsietedias.com,Hispanic
nwasianweekly.com,Asian
nvnorthwest.com,Asian
seattlechinesepost.com,Asian
thefactsnewspaper.com,Black
seattlemedium.com,Black
chineseradioseattle.com,Asian
larazanw.com,Hispanic
elsoldeyakima.com,Hispanic
wisconsinlcnews.com,Hispanic
themadent.com,Black
wnov860.com,Black
telemundowi.com,Hispanic
milwaukeecourieronline.com,Black
communityjournal.net,Black
milwaukeetimesnews.com,Black
conquistadornews.com,Hispanic
radiobilingue.org,Hispanic
boldlatina.com,Hispanic
vidanewspaper.com,Hispanic
tribunact.com,Hispanic
latinonewsnetwork.com,Hispanic
insightnews.com,Black
radioambulante.org,Hispanic
hbctv.net,Asian
285south.com,Asian
alotusinthemud.com,Asian
aattv.com,Asian
afikra.com,Asian
akhonsamoy.com,Asian
alentesharnewspaper.com,Asian
alhawadeth.net,Asian
watan.com,Asian
907korean.com,Asian
allewaaalarabi.com,Asian
americankahani.com,Asian
amtvusa.tv,Asian
angryasianman.com,Asian
anisatlanta.com,Asian
captivate.fm,Asian
apnapunjabmedia.com,Asian
applehouston.tv,Asian
arabamerica.com,Asian
arabastoria.com,Asian
ardzagangtv.com,Asian
groong.com,Asian
armenianweekly.com,Asian
aroosmagazine.com,Asian
asamnews.com,Asian
asbarez.com,Asian
aseantribune.com,Asian
asiatoday.com,Asian
asiatodayaz.com,Asian
asianamericannewsnetwork.com,Asian
asianamericana.com,Asian
asianfortunenews.com,Asian
wordpress.com,Asian
amamedia.org,Asian
asianmedianetwork.com,Asian
asianmediausa.com,Asian
asianreporter.com,Asian
asianwisconzine.com,Asian
aslipunjabi.com,Asian
asreemrooz1.com,Asian
anbsat.com,Asian
atlantachosun.com,Asian
atlantak.com,Asian
austinsouthasian.com,Asian
austinvietradio.com,Asian
azindiatimes.com,Asian
azkoreapost.com,Asian
azeriamericanews.com,Asian
azi.media,Asian
baaznews.org,Asian
balikbayanmagazine.com,Asian
balitangnewyork.com,Asian
banglanewyork.com,Asian
banglapatrikausa.com,Asian
beiruttimes.com,Asian
bigstrawmagazine.com,Asian
blindian-project.com,Asian
bolly923fm.com,Asian
bornomalanews.com,Asian
bostonchinesenews.com,Asian
bostonkorea.com,Asian
bridgemagazineusa.com,Asian
browngirlmagazine.com,Asian
buffalobangla.com,Asian
bukharianjewishlink.com,Asian
bukhariantimes.org,Asian
burdockmedia.com,Asian
yonhapkoreannews.com,Asian
beehiiv.com,Asian
chalamannewyork.com,Asian
channeltt.tv,Asian
charactermedia.com,Asian
chicagochinesetimes.com,Asian
chicagoinarabic.com,Asian
chikinmelele.com,Asian
chikkamagazine.com,Asian
chimetv.co,Asian
chinainsight.info,Asian
chinajournal.news,Asian
cnd.org,Asian
chinastarnews.com,Asian
chineseamericanpost.com,Asian
chinesedaily.com,Asian
chineseinla.com,Asian
new-new.com,Asian
chineseradionetwork.online,Asian
chinesetimes.info,Asian
chosundaily.com,Asian
coldteacollective.com,Asian
ccnews.us,Asian
coloradotimesnews.com,Asian
crossingstv.com,Asian
culturalnews.com,Asian
dailysunny.com,Asian
dallaschinesedaily.com,Asian
dallaschinesenews.com,Asian
danquyen.com,Asian
densho.org,Asian
deshus.com,Asian
deshvidesh.com,Asian
desitalk.com,Asian
dingdingtv.com,Asian
diyatvusa.com,Asian
dalkora.com,Asian
dragoneagle.tv,Asian
easternstandardtimes.com,Asian
ebcmusic.com,Asian
ekurd.net,Asian
ekush.info,Asian
emalayalee.com,Asian
envimedia.co,Asian
epicenter-nyc.com,Asian
theepochtimes.com,Asian
ecjnews.com,Asian
etilaatroz.com,Asian
ettvamerica.com,Asian
everesttimesnews.com,Asian
ferdosiemrooz.com,Asian
filamradiousa.com,Asian
filamvoicemaui.com,Asian
filamtribune.com,Asian
filipinaontherise.com,Asian
azfilamjournal.net,Asian
filipinola.com,Asian
fujisankei.com,Asian
generasian.blog,Asian
gasiantimes.com,Asian
gctimes.net,Asian
globalpunjabtv.com,Asian
guam-shinbun.com,Asian
gujaratdarpan.com,Asian
gujarattimesusa.com,Asian
haftehbazaar.com,Asian
hairenikweekly.com,Asian
tvhankook.com,Asian
hanmiradio.com,Asian
hawaiiradioconnection.com,Asian
hawaii-arukikata.com,Asian
thehawaiihochi.com,Asian
hiindia.com,Asian
hindutvawatch.org,Asian
hmongradiobroadcast.com,Asian
hmongradioam690.com,Asian
hmongtimes.com,Asian
hmongtvnetwork.com,Asian
hmongusatv.com,Asian
htdvietbao.net,Asian
huarenone.com,Asian
humhindustaniusa.com,Asian
hyphenmagazine.com,Asian
hdnewsusa.com,Asian
oiwi.tv,Asian
icitynewsweek.com,Asian
indiabulletinusa.com,Asian
india-herald.com,Asian
indianewengland.com,Asian
indiaoverseasreport.com,Asian
indiapost.com,Asian
indiatribune.com,Asian
indialife.tv,Asian
indicanews.com,Asian
indonesiamedia.com,Asian
indonesianlantern.com,Asian
indusbusinessjournal.com,Asian
theinitium.com,Asian
iexaminer.org,Asian
iran-times.com,Asian
iranshahrnewsagency.com,Asian
islandblocknetwork.com,Asian
islandtimes.org,Asian
itvgold.com,Asian
jadaliyya.com,Asian
sojannelle.com,Asian
javanan.com,Asian
joyseattle.com,Asian
joysauce.com,Asian
junglecity.com,Asian
justicepatch.org,Asian
kheraldatl.com,Asian
knewsatlanta.com,Asian
am1660.com,Asian
kauluhoi.org,Asian
kabarinews.com,Asian
kanditnews.com,Asian
am1300.com,Asian
kbcchicago.com,Asian
washingtonkbc.kr,Asian
kbfd.com,Asian
900hmongradio.com,Asian
kbs-america.com,Asian
kbswa.com,Asian
kcdesi.com,Asian
kemstv.com,Asian
keralaexpress.com,Asian
kestradio.com,Asian
ketagalanmedia.com,Asian
khaasbaat.com,Asian
khabar.com,Asian
khaosod.us,Asian
khmermagazine.com,Asian
khmertv.com,Asian
khmerpostusa.com,Asian
ujpdb.com,Asian
kjayradio.net,Asian
am1430.net,Asian
korea24newsmedia.com,Asian
koreadailytimes.com,Asian
heraldk.com,Asian
koreaportal.com,Asian
higoodday.com,Asian
koreatimestx.com,Asian
wktvusa.com,Asian
koreanamericanstory.org,Asian
koreanaztimes.com,Asian
mykbn.com,Asian
kcjlogos.org,Asian
chpress.net,Asian
kjhou.com,Asian
koreanquarterly.org,Asian
utahkorean.com,Asian
koreatowndaily.com,Asian
ktnnewsroom.com,Asian
ktsf.com,Asian
kvto.net,Asian
kyocharoworld.com,Asian
hikyocharo.com,Asian
kyocharohouston.com,Asian
kyocharoamerica.com,Asian
kzoohawaii.com,Asian
lvcdn.com,Asian
lvcnn.com,Asian
lassiwithlavina.com,Asian
us-lighthouse.com,Asian
lighthouse-hawaii.com,Asian
youmaga.com,Asian
littleindia.com,Asian
littlelaosontheprairie.org,Asian
littlesaigonradio.com,Asian
littlesaigontv.com,Asian
lotus-mag.com,Asian
madeinhawaii.tv,Asian
mahalayasf.org,Asian
makilalatv.com,Asian
manaalaska.com,Asian
manatv.net,Asian
maphappy.org,Asian
massispost.com,Asian
massisweekly.com,Asian
mbc-america.com,Asian
metrochinese.com,Asian
miasian.com,Asian
gomijunews.com,Asian
mntimes.org,Asian
mochimag.com,Asian
momandius.com,Asian
monsoonmag.org,Asian
muslim.co,Asian
myanmargazette.net,Asian
naleihilo.com,Asian
nchankookinnews.com,Asian
nepalmother.com,Asian
nepalayanews.com,Asian
newindiaabroad.com,Asian
ntdtv.com,Asian
newyorkawam.org,Asian
nybiz.nyc,Asian
newsforchinese.com,Asian
chinesenewsusa.com,Asian
newslinesamoa.com,Asian
newsroh.com,Asian
nextweeklyaz.com,Asian
nextshark.com,Asian
the-interpreter.org,Asian
nvngaynay.com,Asian
baocalitoday.com,Asian
nichibei.org,Asian
napost.com,Asian
nripulse.com,Asian
nritoday.net,Asian
nvradio.co,Asian
ejapion.com,Asian
nycnepalnews.com,Asian
ozmagazine.net,Asian
onepinoytx.com,Asian
koreanoregon.com,Asian
osnepal.com,Asian
pacificcitizen.org,Asian
pnwfilamchronicle.com,Asian
pakistanlink.org,Asian
weeklynewspakistan.com,Asian
pakistantimesusa.net,Asian
pardestimes.com,Asian
parstv.tv,Asian
pasifikabydesign.com,Asian
merirei.com,Asian
payameafghantv.com,Asian
payamjavan.com,Asian
pezhvak.com,Asian
philippinedailymirror.com,Asian
philfiesta.net,Asian
philippine-times.com,Asian
phlvradio.com,Asian
ifengus.com,Asian
pinoynewsmagazine.com,Asian
piyaoba.org,Asian
planamag.com,Asian
portlandchinesetimes.com,Asian
positivelyfilipino.com,Asian
pravasichannel.com,Asian
probashnews.com,Asian
prothomalony.com,Asian
ptcnews.tv,Asian
punjabmailusa.com,Asian
punjabiradiousa.com,Asian
punjabitrucking360.com,Asian
punjabitruckingusa.com,Asian
amritsartimes.com,Asian
quamiekta.com,Asian
radiohamrah.com,Asian
radiohankook.com,Asian
socalpersian.com,Asian
radiok1230.com,Asian
radiokorea.com,Asian
fm877.nyc,Asian
radiopolynesialtd.com,Asian
radiopunjab.com,Asian
saigondallasradio.com,Asian
radiosaigonhouston.com,Asian
radioseoul1650.com,Asian
radiotiengnuoctoi.com,Asian
tntmedia-atlanta.com,Asian
tiengnuoctoiboston.com,Asian
tntmediahawaii.net,Asian
tntmediahouston.com,Asian
tntmediasandiego.com,Asian
dc1310.com,Asian
rangdongatlanta.com,Asian
reappropriate.co,Asian
reclamationmagazine.com,Asian
redwhiteandbrown.media,Asian
castos.com,Asian
ricespicemag.com,Asian
rockymountainchineseweekly.com,Asian
sanghamam.com,Asian
setchannel.tv,Asian
saigonnhonews.com,Asian
saigonradio.com,Asian
saigontivi.com,Asian
samoaglobalnews.com,Asian
samoanews.com,Asian
samoaobserver.ws,Asian
samoanamedia.com,Asian
san-times.com,Asian
fc2.com,Asian
sbtn.tv,Asian
chineseseattlenews.com,Asian
seattlen.com,Asian
seebmagazine.com,Asian
seema.com,Asian
sfkorean.com,Asian
nyseikatsu.com,Asian
siammedia.org,Asian
siliconeer.com,Asian
sino-monthly.com,Asian
slantd.com,Asian
soundofhope.org,Asian
saada.org,Asian
scdaily.com,Asian
soysource.net,Asian
lankareporter.com,Asian
scanews.com,Asian
slcj.us,Asian
sunbirdarizona.com,Asian
taiwaneseamerican.org,Asian
talanei.com,Asian
talkingtaiwan.com,Asian
tamilamericatv.com,Asian
tayohelp.com,Asian
tbn24.com,Asian
tehranmagazine.com,Asian
telugupatrika.net,Asian
tncnnews.com,Asian
nihaohouston.com,Asian
thailanewspaper.com,Asian
baomonamcali.com,Asian
thangmocali.com,Asian
americanbazaaronline.com,Asian
arabamericannews.com,Asian
mirrorspectator.com,Asian
thecaliforniacourier.com,Asian
uschinapress.com,Asian
thedesibuzz.com,Asian
familycourtreport.org,Asian
thefilam.net,Asian
thefilipinopress.com,Asian
hakkatha.com,Asian
thefilipinochronicle.com,Asian
theindianeye.com,Asian
theindianpanorama.news,Asian
thejuggernaut.com,Asian
thekhmerposts.com,Asian
koamjournal.com,Asian
kajstl.com,Asian
kbergennews.com,Asian
tkctv.com,Asian
thekurdishproject.org,Asian
lapost.us,Asian
themarkaz.org,Asian
michigankoreans.com,Asian
muslimobserver.com,Asian
newyorkilbo.com,Asian
mynrination.com,Asian
palestinechronicle.com,Asian
thepasupu.blog,Asian
persianbook.review,Asian
thepolisproject.com,Asian
gidramedia.com,Asian
therunnernewsusa.com,Asian
thesouthasianinsider.com,Asian
thesouthasiantimes.info,Asian
thevietnampost.com,Asian
thevietnamese.org,Asian
thewestindianonline.com,Asian
thexylom.com,Asian
thikana.us,Asian
tiabelaunews.com,Asian
kvvn.net,Asian
timetvusa.com,Asian
tingismagazine.com,Asian
titreavval.com,Asian
baotreonline.com,Asian
trieuthanhweeklymagazine.com,Asian
turkishjournal.com,Asian
turkistantimes.com,Asian
turkuaz.world,Asian
tv-asahi.net,Asian
tvasiausa.com,Asian
irantelevisionnetwork.com,Asian
tv1samoa.com,Asian
usfl.com,Asian
urdunewsus.com,Asian
urdutimesusa.com,Asian
usasianpost.com,Asian
usbanglanews24.com,Asian
uschineseradio.com,Asian
unecne.com,Asian
armenianlife.com,Asian
usahrsh.com,Asian
usarmeniatv.com,Asian
uyghurtimes.com,Asian
vaatv.com,Asian
vachakam.com,Asian
radiotongavtfusa.com,Asian
nhatbaovanhoa.com,Asian
vbstelevision.com,Asian
vcal.tv,Asian
viatimes.net,Asian
viendongdaily.com,Asian
vienthao.com,Asian
vietbao.com,Asian
vietfactcheck.org,Asian
ksjx1500.com,Asian
vietnnn.com,Asian
vietradio.com,Asian
vsam1040.com,Asian
vietfacetv.com,Asian
vietlifestyles.com,Asian
vietmedia.tv,Asian
viettoday.tv,Asian
vietv.com,Asian
vishwanews.com,Asian
visiontimes.com,Asian
vnatv.com,Asian
wchns.net,Asian
wcetv.com,Asian
ajkalnewyork.com,Asian
awazonline.com,Asian
weeklybangalee.com,Asian
weeklybangladeshusa.com,Asian
dunyaint.com,Asian
focuscolorado.net,Asian
parichoy.com,Asian
worldjournal.com,Asian
yomitime.com,Asian
ytvamerica.com,Asian
zamanamerika.com,Asian
zantimes.com,Asian
zentokufoundation.org,Asian
alakhbar-usa.com,Asian
albustanseeds.org,Asian
azchinesenews1.com,Asian
bastapinoy.com,Asian
buttre.org,Asian
canews.com,Asian
srilankafoundation.org,Asian
go20.com,Asian
indiaparentmagazine.org,Asian
koreaweeklyfl.com,Asian
juganphila.com,Asian
usaxroad.com,Asian
nykyocharo.com,Asian
mixedasianmedia.com,Asian
mhankook.com,Asian
net-viet.tv,Asian
palauwaveradio.com,Asian
koreadaily.com,Asian
baoviettide.com,Asian
2pml.com,Black
21ninety.com,Black
africanamericanvoice.net,Black
africanvoices.com,Black
chsafrocentric.com,Black
afrotech.com,Black
allblackbusinessnews.com,Black
abnewsky.com,Black
aurn.com,Black
afampointofview.com,Black
anointedonline.net,Black
azcoffea.com,Black
arkrepublic.com,Black
atlantablackstar.com,Black
atlantadailyworld.com,Black
atlantafi.com,Black
ognsc.com,Black
thebayareareview.com,Black
becauseofthemwecan.com,Black
simplecast.com,Black
bellbulletin.com,Black
bettertospeak.org,Black
bkreader.com,Black
blac.media,Black
blackagendareport.com,Black
theblackamericanspring.com,Black
blackbygod.org,Black
black-cannabis.com,Black
blackcatholicmessenger.com,Black
blackcontemporarytv.com,Black
blackenterprise.com,Black
blackfarmersindex.com,Black
bhnnow.com,Black
blackhistoryeveryday.life,Black
blkhistoryuntold.com,Black
blackinjersey.com,Black
binnews.com,Black
blacklinkmag.com,Black
black-millionaires.com,Black
blackwestchester.com,Black
blackamericaweb.com,Black
blackbeltvoices.com,Black
blackpressusa.com,Black
blackusa.news,Black
blavity.com,Black
bleumag.com,Black
blocbyblocknews.com,Black
bridgedetroit.com,Black
town.news,Black
thecaladvocate.com,Black
callandpost.com,Black
caribpress.com,Black
caribbeanamericanweekly.com,Black
caribbeanlifenews.com,Black
caribbeantimesnyc.com,Black
kprs.com,Black
carvdnstone.com,Black
cashcolorcannabis.com,Black
centralvalleyvoicenews.com,Black
thechallengernews.com,Black
chattnewschronicle.com,Black
cnyvision.com,Black
colorofwellness.co,Black
thebulletinweekly.com,Black
contextmediagroup.com,Black
whereweconverge.com,Black
core-mag.com,Black
crwnmag.com,Black
culturebanx.com,Black
cupofsoulshow.com,Black
davidsonlocal.com,Black
dbiradio.com,Black
deemjournal.com,Black
delawareblack.com,Black
durhamskywriter.com,Black
eastsidedailynews.com,Black
ebony.com,Black
eurweb.com,Black
elevatedayton.com,Black
enodi.co,Black
essence.com,Black
ecseattle.org,Black
ethioobserver.net,Black
ethiopique.com,Black
everybodysmag.com,Black
exposure-magazine.com,Black
exposureplustv.tv,Black
faithandsoul.net,Black
fivewardsmedia.com,Black
flintbeat.com,Black
fwinkspot.com,Black
fromthegman.net,Black
funtimesmagazine.com,Black
gainesvilleguardian.com,Black
georgiasentinelnews.com,Black
goingovertown.org,Black
grassrootswire.com,Black
haitienmarche.com,Black
harlemcommunitynews.com,Black
harlemworldmagazine.com,Black
harveyworld.org,Black
heragenda.com,Black
hyfin.org,Black
imixwhatilike.org,Black
imhotalkshow.org,Black
inglewoodbusinessmag.com,Black
inglewoodtimesmagazine.com,Black
inglewoodtoday.com,Black
inlandvalleynews.com,Black
inqnews.com,Black
itrnradio.com,Black
jacksonfreepress.com,Black
power88lv.com,Black
kisaradio.org,Black
rhythmofthecoast.com,Black
lafocusnewspaper.com,Black
lasvegasblackimage.com,Black
lasvegassoul.com,Black
virginialegacy.com,Black
littleafricanews.com,Black
lastandardnewspaper.com,Black
wavepublication.com,Black
lovenowmedia.com,Black
lowcountrypanorama.com,Black
madison365.org,Black
marcomweekly.com,Black
matermea.com,Black
miamediagrp.com,Black
mibulletin.com,Black
minorityreporter.net,Black
mississippifreepress.org,Black
mlk50.com,Black
monroefreepress.net,Black
muslimcommunityreport.com,Black
senegambiaparrot.com,Black
newyorkparrot.com,Black
newsone.com,Black
noiseomaha.com,Black
nolafi.com,Black
nlcn.org,Black
northendagents.com,Black
notedd.com,Black
nyiha.com,Black
okayafrica.com,Black
okayplayer.com,Black
parkchestertimes.com,Black
pasadenajournal.com,Black
phxsoul.com,Black
thepluggedapp.com,Black
thedrumnewspaper.info,Black
postnewsgroup.com,Black
powerpointe.net,Black
pridemagazineonline.com,Black
publicintellectuals.org,Black
publicsq.org,Black
pulsebeatmedia.com,Black
purenews.com,Black
pushblack.us,Black
pwperspective.com,Black
queerency.com,Black
thebeatdfw.com,Black
radiosoleil.com,Black
rebelliousmagazine.com,Black
richmondpulse.org,Black
runtanews.com,Black
rwebel.com,Black
sacculturalhub.com,Black
sahanjournal.com,Black
sdmonitornews.com,Black
sunreportermedia.com,Black
sapelosquare.com,Black
savannahherald.net,Black
scalawagmagazine.org,Black
scoopusamedia.com,Black
seasidepost-california.com,Black
sesimag.com,Black
shadowandact.com,Black
sunweeklynews.com,Black
sohh.com,Black
scblackmediagroup.com,Black
southseattleemerald.com,Black
southerndallasmagazine.com,Black
soznews.org,Black
streethypenewspaper.com,Black
supercreator.news,Black
swagheronline.com,Black
temponewsflorida.com,Black
theacphoenixnews.com,Black
thereporternewspaperonline.com,Black
theaswg.com,Black
blacklensnews.com,Black
bowiesun.com,Black
charlestonchronicle.net,Black
thecharlottevoice.com,Black
thechocolatevoice.com,Black
thechundriashow.com,Black
theclevelandobserver.com,Black
columbuspost.com,Black
homestead.com,Black
thecommunityvoice.com,Black
etenlightener.com,Black
theeducatorsroom.com,Black
fayettevillepress.com,Black
haitiantimes.com,Black
theinformedvillage.com,Black
thejacksonblazer.com,Black
theliveexchangeradio.com,Black
estlmonitor.com,Black
monroedispatchonline.com,Black
tncpnews.com,Black
neworleansagenda.com,Black
thenewarktimes.com,Black
thenubiannews.com,Black
thenumberz.fm,Black
theoklahomaeagle.net,Black
onmenews.com,Black
philadelphiaobserver.com,Black
pgpost.com,Black
theprovamnews.com,Black
therealdealpress.com,Black
theroot.com,Black
theurbannews.com,Black
theurbanvoice.com,Black
voicenewspaper.com,Black
warrenist.com,Black
thegrio.com,Black
thetoledojournal.com,Black
translash.org,Black
trapital.co,Black
travelnoire.com,Black
thetremag.com,Black
trentonjournal.com,Black
unityfirst.com,Black
unpopcultr.co,Black
urbanagingnews.com,Black
uaotv.com,Black
majicatl.com,Black
kysdc.com,Black
hiphopnc.com,Black
urbangeekz.com,Black
vfpress.news,Black
wetalkweekly.com,Black
brweeklypress.com,Black
westsidestorynewspaper.com,Black
whatsupkansascity.net,Black
gowhereitzat.com,Black
whetstonemagazine.com,Black
whur.com,Black
wilmingtonjournal.com,Black
windycityword.com,Black
radiokingston.org,Black
gullahradio.net,Black
wordinblack.com,Black
wovu.org,Black
thebeatofthecapital.com,Black
wtal1450.com,Black
wurdradio.com,Black
ztwins.com,Black
zethiopia.com,Black
africainharlem.nyc,Black
capitaloutlook.com,Black
haitiprogres.com,Black
hoopfeed.com,Black
gainformer.com,Black
thecommunitypressfla.org,Black
orlando-times.com,Black
tpinsights.com,Black
franklymedia.com,Black
latino-news.com,Hispanic
alabamatv.info,Hispanic
telemundoalaska.com,Hispanic
azbilingual.com,Hispanic
lavozarizona.com,Hispanic
contactototalradio.com,Hispanic
panoramaaz.com,Hispanic
hola-arkansas.com,Hispanic
ellatinoarkansas.com,Hispanic
laprensanwa.com,Hispanic
elsoldesalinas.com,Hispanic
univision39.com,Hispanic
telemundo51fresno.com,Hispanic
vidaenelvalle.com,Hispanic
oooraleusa.com,Hispanic
1020am.com,Hispanic
laprensa-sandiego.org,Hispanic
elreporterosf.com,Hispanic
kbbf-fm.org,Hispanic
tamarindopodcast.com,Hispanic
foxdeportes.com,Hispanic
latinojournal.net,Hispanic
elvalledelostercos.com,Hispanic
kiqi1010am.com,Hispanic
hnmagazine.com,Hispanic
americanlatino.tv,Hispanic
noticiasya.com,Hispanic
elpopularnews.com,Hispanic
laprensahispananewspaper.com,Hispanic
excelsiorcalifornia.com,Hispanic
libsyn.com,Hispanic
podbean.com,Hispanic
cocolatv.com,Hispanic
diaadianews.com,Hispanic
impulsonews.info,Hispanic
latinola.com,Hispanic
voicesofmontereybay.org,Hispanic
espn1600am.com,Hispanic
laprensapopular.com,Hispanic
latina1023.com,Hispanic
quepasanoticias.com,Hispanic
telemundocharlotte.com,Hispanic
latino4u.net,Hispanic
elinformador.us,Hispanic
latinxtoday.com,Hispanic
lanacionhispana.com,Hispanic
elsemanariocolorado.com,Hispanic
lavozcolorado.com,Hispanic
elcomerciocolorado.com,Hispanic
postlatino.com,Hispanic
tribunaenespanol.com,Hispanic
espn.com,Hispanic
ellatinodigital.com,Hispanic
laprensafl.com,Hispanic
ellatino.com,Hispanic
azteca48.com,Hispanic
aztecaamerica.com,Hispanic
americahoy.net,Hispanic
surflorida.com,Hispanic
libertadnews.com,Hispanic
diariopalmbeach.com,Hispanic
laguianews.com,Hispanic
denorteasur.com,Hispanic
oncubanews.com,Hispanic
fusion.tv,Hispanic
lavisionnewspaper.com,Hispanic
mundohispanico.com,Hispanic
miradamagazine.com,Hispanic
idahonoticias.com,Hispanic
eldianewschicago.com,Hispanic
laraza.com,Hispanic
borderlessmag.org,Hispanic
ciceroindependiente.com,Hispanic
lavozdeindiana.com,Hispanic
quepasapodcast.com,Hispanic
telemundoindy.com,Hispanic
laolalatinaindy.com,Hispanic
wfhb.org,Hispanic
lavozdeiowa.com,Hispanic
conexionlatinaiowa.com,Hispanic
vivaiowa.com,Hispanic
holaiowa.com,Hispanic
mirazamagazine.com,Hispanic
laesquina.live,Hispanic
lavozky.com,Hispanic
laprensaky.com,Hispanic
aldiaea.net,Hispanic
lexingtoncommunityradio.org,Hispanic
eltiemponola.com,Hispanic
prensalibremd.com,Hispanic
latinatolatina.com,Hispanic
vocerohispano.com,Hispanic
laprensatoledo.com,Hispanic
elvocerous.com,Hispanic
lavozweb.com,Hispanic
nuestrodetroit.com,Hispanic
lamatracamagazine.com,Hispanic
telemundomn.com,Hispanic
noticiasmn.com,Hispanic
laconexionlatina.com,Hispanic
laraza1400.com,Hispanic
diario-digital.com,Hispanic
enyemagazine.com,Hispanic
lobo977.com,Hispanic
mundolatinonetwork.com,Hispanic
buenosdiasnebraska.com,Hispanic
radiolavozdenevada.com,Hispanic
eltiempolv.com,Hispanic
elsolreno.com,Hispanic
noticieromovil.com,Hispanic
elreporterolasvegas.com,Hispanic
lavozhispanadenevada.com,Hispanic
latinoswholunch.com,Hispanic
rayspodcast.com,Hispanic
cambionewspaper.com,Hispanic
reportehispano.com,Hispanic
ahoranews.net,Hispanic
elespecial.com,Hispanic
thebilingualnews.com,Hispanic
noticiali.com,Hispanic
elaguilanews.com,Hispanic
latinousa.org,Hispanic
latinorebels.com,Hispanic
diariodemexicousa.com,Hispanic
peopleenespanol.com,Hispanic
latina.com,Hispanic
nytaxivoice.com,Hispanic
lavozhispanany.com,Hispanic
iblnews.com,Hispanic
peruanosnews.com,Hispanic
tuprensalocal.com,Hispanic
lagaleriamag.com,Hispanic
hola.com,Hispanic
voicelatina.com,Hispanic
latindispatch.com,Hispanic
livinamericana.com,Hispanic
newyorkhispano.net,Hispanic
lamegamedia.com,Hispanic
elsoldeohio.com,Hispanic
lavanguardiahoy.com,Hispanic
vocerolatinonews.com,Hispanic
aldiamedia.com,Hispanic
ohiolatinotv.com,Hispanic
okspanishnews.com,Hispanic
radiomovimiento.com,Hispanic
tildenoticias.com,Hispanic
ellatinodehoy.com,Hispanic
elementolatino.net,Hispanic
aldianews.com,Hispanic
el-hispano.com,Hispanic
80grados.net,Hispanic
elexpresso.com,Hispanic
elvocero.com,Hispanic
presenciapr.com,Hispanic
elorientalpr.net,Hispanic
elnuevodia.com,Hispanic
primerahora.com,Hispanic
noticel.com,Hispanic
periodismoinvestigativo.com,Hispanic
telemundopr.com,Hispanic
wapa.tv,Hispanic
claridadpuertorico.com,Hispanic
bandera.org,Hispanic
nelpr.com,Hispanic
noticiasprtv.com,Hispanic
sincomillas.com,Hispanic
periodicolasemana.net,Hispanic
periodicolaperla.com,Hispanic
periodicovision.com,Hispanic
lacallerevista.com,Hispanic
laislaoeste.com,Hispanic
wipr.pr,Hispanic
wrtu.pr,Hispanic
waloradio.com,Hispanic
waparadiopr.com,Hispanic
notiuno.com,Hispanic
tunoticiapr.com,Hispanic
jornadapr.com,Hispanic
lacordillera.net,Hispanic
elregionalpr.com,Hispanic
wole12.com,Hispanic
noticiassomosponce.net,Hispanic
noticiasdesalinas.com,Hispanic
villalbaonlinepr.com,Hispanic
cumbre1470am.com,Hispanic
victoria840.com,Hispanic
detodopr.com,Hispanic
indicepr.com,Hispanic
unicaradio1230.com,Hispanic
noticiasdeponce.net,Hispanic
eladoquintimes.com,Hispanic
simplecast.fm,Hispanic
caribbeanbusiness.com,Hispanic
newsismybusiness.com,Hispanic
puertoricoreport.com,Hispanic
providenceenespanol.com,Hispanic
lprnoticias.com,Hispanic
elcruceronews.com,Hispanic
netargv.com,Hispanic
aldiadallas.com,Hispanic
elheraldonews.com,Hispanic
lavozhispana.info,Hispanic
elnuevoheraldo.com,Hispanic
elextratx.com,Hispanic
elperiodicousa.com,Hispanic
la920.com,Hispanic
familiaslatinas.com,Hispanic
noblezamagazine.com,Hispanic
univision32.com,Hispanic
elsemanalonline.com,Hispanic
elimparcialnews.com,Hispanic
elmundous.com,Hispanic
kunwtv.com,Hispanic
univisionseattle.com,Hispanic
ntn24.com,Hispanic
latinovations.com,Hispanic
efe.com,Hispanic
spanishjournal.com,Hispanic
miwisconsin.org,Hispanic
cnet.com,Hispanic
latinocalifornia.com,Hispanic
libreonline.com,Hispanic
somosestrella.com,Hispanic
telemundo42.com,Hispanic
somosbaltimorelatino.com,Hispanic
rumbonews.com,Hispanic
lunj.net,Hispanic
hitn.org,Hispanic
nycsportsnews.net,Hispanic
democracynow.org,Hispanic
soyyomag.com,Hispanic
pab550.com,Hispanic
sanjuanweeklypr.com,Hispanic
twhispanicnews.com,Hispanic
